{
    "$schema": "https://schema.management.azure.com/schemas/2015-01-01/deploymentParameters.json#",
    "contentVersion": "1.0.0.0",
    "parameters": {
        "location": {
            "value": "westus"
        },
        "virtualMachineName": {
            "value": "SampleASPNetVM"
        },
        "virtualMachineSize": {
            "value": "Standard_DS1_v2"
        },
        "adminUsername": {
            "value": "justin"
        },
        "virtualNetworkName": {
            "value": "SampleASPNet-RG-vnet"
        },
        "networkInterfaceName": {
            "value": "sampleaspnetvm916"
        },
        "networkSecurityGroupName": {
            "value": "SampleASPNetVM-nsg"
        },
        "adminPassword": {
            "value": null
        },
        "diagnosticsStorageAccountName": {
            "value": "sampleaspnetrgdiag557"
        },
        "diagnosticsStorageAccountType": {
            "value": "Standard_LRS"
        },
        "diagnosticsStorageAccountId": {
            "value": "Microsoft.Storage/storageAccounts/sampleaspnetrgdiag557"
        },
        "addressPrefix": {
            "value": "10.0.5.0/24"
        },
        "subnetName": {
            "value": "default"
        },
        "subnetPrefix": {
            "value": "10.0.5.0/24"
        },
        "publicIpAddressName": {
            "value": "SampleASPNetVM-ip"
        },
        "publicIpAddressType": {
            "value": "Dynamic"
        },
        "publicIpAddressSku": {
            "value": "Basic"
        },
        "autoShutdownStatus": {
            "value": "Enabled"
        },
        "autoShutdownTime": {
            "value": "19:00"
        },
        "autoShutdownTimeZone": {
            "value": "UTC"
        },
        "autoShutdownNotificationStatus": {
            "value": "Disabled"
        }
    }
}